prog2aaaaaaaaaaaaaaa, 2017-06-09 18:45:57.129, 2017-06-09 18:45:57.649, 2017-06-09 18:45:57.651
prog4aaaaaaaaaaaaaaa, 2017-06-09 18:45:57.129, 2017-06-09 18:45:57.650, 2017-06-09 18:45:57.653
prog5aaaaaaaaaaaaaaa, 2017-06-09 18:45:57.129, 2017-06-09 18:45:57.650, 2017-06-09 18:45:57.655
prog1aaaaaaaaaaaaaaa, 2017-06-09 18:45:57.129, 2017-06-09 18:45:57.650, 2017-06-09 18:45:57.657
prog3aaaaaaaaaaaaaaa, 2017-06-09 18:45:57.129, 2017-06-09 18:45:57.651, 2017-06-09 18:45:57.658
prog4aaaaaaaaaaaaaaa, 2017-06-09 18:45:57.150, 2017-06-09 18:45:58.151, 2017-06-09 18:45:58.151
prog5aaaaaaaaaaaaaaa, 2017-06-09 18:45:57.149, 2017-06-09 18:45:58.151, 2017-06-09 18:45:58.153
prog1aaaaaaaaaaaaaaa, 2017-06-09 18:45:57.150, 2017-06-09 18:45:58.152, 2017-06-09 18:45:58.155
prog2aaaaaaaaaaaaaaa, 2017-06-09 18:45:57.149, 2017-06-09 18:45:58.152, 2017-06-09 18:45:58.157
prog3aaaaaaaaaaaaaaa, 2017-06-09 18:45:57.149, 2017-06-09 18:45:58.152, 2017-06-09 18:45:58.159
